AgeGroup,NumWebPurchases,NumCatalogPurchases,NumStorePurchases,NumDealsPurchases
20s,3.3529411764705883,2.520361990950226,5.515837104072398,1.6515837104072397
30s,3.7396768402154397,2.2926391382405744,5.310592459605027,2.2262118491921004
40s,4.121301775147929,2.3298816568047336,5.579881656804734,2.554733727810651
50s,4.411134903640257,3.154175588865096,6.32762312633833,2.5117773019271947
60s+,4.6613924050632916,3.3987341772151898,6.512658227848101,2.2151898734177213
