Age_Group,NumWebPurchases,NumStorePurchases,NumCatalogPurchases
20s,0.2943980929678188,0.4843067143424712,0.22129519268970996
30s,0.3296929408040519,0.4681861348528015,0.20212092434314655
40s,0.34255502274683386,0.4637894995696545,0.1936554776835116
50s,0.3175092478421702,0.4554562268803946,0.22703452527743526
60+,0.3198616814350551,0.4465096174627188,0.23362870110222603
