TotalChildren,DiscountRatio
0,0.08026423520372848
1,0.1901152538329243
2,0.29190548199022004
3,0.3025411754887272
