Responded_Label,Total_Spent_Mean,NumWebVisitsMonth_Mean,Discount_Purchase_Ratio_Mean
Non-responded,538.9291710388247,5.320566631689402,0.18565562019389378
Responded,987.3922155688623,5.293413173652695,0.15280712884452827
